Workbook

Sheet 三方仓账单-处理
A1: 服务商 | B1: 账号 | C1: 账单号 | D1: 账单月份 | E1: 业务类型 | F1: 费用类型 | G1: 日期 | H1: 单号 | I1: 参考号 | J1: 备注 | K1: SKU | L1: 数量 | M1: 品牌 | N1: 店铺 | O1: 仓库 | P1: 国家 | Q1: 币种 | R1: 金额 | S1: 品牌-处理后 | T1: 国家-处理后 | U1: 业务&费用 | V1: 费用归类-BP | W1: 费用归类-BP-最终 | X1: 渠道
S2: =IF(IF(M2<>"-无-",M2,_xlfn.XLOOKUP(O2,找品牌!A:A,找品牌!K:K,0))=0,_xlfn.XLOOKUP(B2,找品牌!M:M,找品牌!N:N),IF(M2<>"-无-",M2,_xlfn.XLOOKUP(O2,找品牌!A:A,找品牌!K:K,0))) -> 0 | T2: =IF(IF(P2<>"",P2,_xlfn.XLOOKUP(B2,找国家!A:A,找国家!B:B,0))=0,_xlfn.XLOOKUP(B2,找国家!D:D,找国家!E:E,"有异常待确认"),IF(P2<>"",P2,_xlfn.XLOOKUP(B2,找国家!A:A,找国家!B:B,0))) -> 0 | U2: =E2&F2 | V2: =_xlfn.XLOOKUP(U2,类型匹配!D:D,类型匹配!E:E,"需补充") -> 需补充 | W2: =IF(MID(N2,8,2)="VC",_xlfn.XLOOKUP(V2,VC操作费匹配!B:B,VC操作费匹配!C:C),IF(V2<>"其他费用",V2,"其他物流费用")) -> 需补充 | X2: =_xlfn.XLOOKUP(B2,'账号-渠道映射关系'!A:A,'账号-渠道映射关系'!B:B) -> 0

Sheet 类型需补充
A1: 服务商 | B1: 业务类型 | C1: 费用类型 | D1: 匹配项 | E1: 费用归类-BP | F1: 数据负责人 | H1: 服务商 | I1: 业务类型 | J1: 费用类型 | K1: 匹配项 | L1: 费用归类-BP | M1: 数据负责人
A2: {=_xlfn.UNIQUE(_xlfn._xlws.FILTER(H2:K1048576,H2:H1048576<>""))} -> 0 | B2: 0 | C2: 0 | D2: 00 | H2: {=_xlfn._xlws.FILTER('三方仓账单-处理'!A:A,('三方仓账单-处理'!V:V="需补充")*('三方仓账单-处理'!V:V<>""))} -> 0 | I2: {=_xlfn._xlws.FILTER('三方仓账单-处理'!E:F,('三方仓账单-处理'!V:V="需补充")*('三方仓账单-处理'!V:V<>""))} -> 0 | J2: 0 | K2: =I2&J2 -> 00
K3: =I3&J3
K4: =I4&J4
K5: =I5&J5
K6: =I6&J6
K7: =I7&J7
K8: =I8&J8
K9: =I9&J9
K10: =I10&J10
K11: =I11&J11
K12: =I12&J12
K13: =I13&J13
K14: =I14&J14
... K153073: =I153073&J153073

Sheet 找品牌
A1: 仓库⬇品牌➡ | B1: {=TRANSPOSE(_xlfn._xlws.SORT(_xlfn.UNIQUE(_xlfn._xlws.FILTER('三方仓账单-处理'!M2:M1048576,('三方仓账单-处理'!M2:M1048576<>"")*('三方仓账单-处理'!M2:M1048576<>"-无-")))))} -> #VALUE! | K1: 品牌取值 | M1: 账号 | N1: 品牌取值
A2: {=_xlfn._xlws.SORT(_xlfn.UNIQUE(_xlfn._xlws.FILTER('三方仓账单-处理'!O2:O1048576,('三方仓账单-处理'!O2:O1048576<>"")*('三方仓账单-处理'!M2:M1048576<>"")*('三方仓账单-处理'!M2:M1048576<>"-无-"))))} -> #VALUE! | B2: =COUNTIFS('三方仓账单-处理'!$O:$O,$A2,'三方仓账单-处理'!$M:$M,B$1,'三方仓账单-处理'!$L:$L,"<>") -> 0 | K2: {=_xlfn.XLOOKUP(MAX($B2:$J2),$B2:$J2,$B$1:$J$1)} -> #VALUE! | M2: {=_xlfn.UNIQUE(_xlfn._xlws.FILTER('三方仓账单-处理'!B:B,('三方仓账单-处理'!M:M="-无-")*(COUNTIF(A:A,'三方仓账单-处理'!O:O)=0)))} -> #VALUE!

Sheet 找国家
A1: 无重复 | D1: 有重复 | H1: 账号 | I1: 国家1 | J1: 国家2 | K1: 国家3 | L1: 国家4
A2: 账号 | B2: 国家 | D2: 账户： | E2: 国家取值： | H2: {=_xlfn.UNIQUE(_xlfn._xlws.FILTER('三方仓账单-处理'!B:B,('三方仓账单-处理'!B:B<>"账号")*('三方仓账单-处理'!B:B<>"")))} -> #VALUE! | I2: {=TRANSPOSE(_xlfn.UNIQUE(_xlfn._xlws.FILTER('三方仓账单-处理'!P:P,('三方仓账单-处理'!P:P<>"国家")*('三方仓账单-处理'!P:P<>"")*('三方仓账单-处理'!B:B=H2))))} -> #VALUE!
A3: {=_xlfn._xlws.FILTER(H2:H31,(H2:H31<>"")*(J2:J31=""))} -> #VALUE! | B3: {=_xlfn._xlws.FILTER(I2:I31,(H2:H31<>"")*(J2:J31=""))} -> #VALUE! | D3: {=_xlfn._xlws.FILTER(H2:H31,(H2:H31<>"")*(J2:J31<>""))} -> #VALUE!

Sheet VC操作费匹配
A1: 业务&费用 | B1: 费用归类-BP | C1: 费用归类-BP
A2: 出库费用一件代发出库费 | B2: 出库费用 | C2: VC操作费
A3: 出库费用自提费 | B3: 出库费用 | C3: VC操作费
A4: 出库费用[退款]一件代发出库费 | B4: 其他物流费用 | C4: VC操作费-其他
A5: 出库费用[退款]自提费 | B5: 其他物流费用 | C5: VC操作费-其他
A6: 出库费用出库处理费 | B6: 出库费用 | C6: VC操作费
A7: 出库费用Demand-AHS Charge/旺季AHS附加费 | B7: 出库费用 | C7: VC操作费
A8: 出库费用Demand-Residential/旺季住宅附加费 | B8: 出库费用 | C8: VC操作费
A9: 出库费用基础运费 | B9: 出库费用 | C9: VC操作费
A10: 出库费用Fuel surchage/燃油附加费 | B10: 出库费用 | C10: VC操作费
A11: 出库费用住宅地址附加费 | B11: 出库费用 | C11: VC操作费
A12: 出库费用AHS/额外处理费 | B12: 出库费用 | C12: VC操作费
... A96: 出库费用ToC打包费 ToC Baling charge | B96: 出库费用 | C96: VC操作费

Sheet 类型匹配
A1: 服务商-业财 | B1: 业务类型-业财 | C1: 费用类型-业财 | D1: 匹配项 | E1: 费用归类-BP | F1: 数据负责人
A2: 德立迅 | B2: 出库费用 | C2: 订单出库费 | D2: 出库费用订单出库费 | E2: 出库费用 | F2: 王倩/蒙欢
A3: 德立迅 | B3: 入库费用 | C3: 分拣费1 | D3: 入库费用分拣费1 | E3: 海外仓入库费用 | F3: 王倩/蒙欢
A4: 德立迅 | B4: 入库费用 | C4: 超重卸货费 | D4: 入库费用超重卸货费 | E4: 海外仓入库费用 | F4: 王倩/蒙欢
A5: 德立迅 | B5: 入库费用 | C5: 40HQ柜卸货费 | D5: 入库费用40HQ柜卸货费 | E5: 海外仓入库费用 | F5: 王倩/蒙欢
A6: 德立迅 | B6: 入库费用 | C6: >1000箱加收费用 | D6: 入库费用>1000箱加收费用 | E6: 海外仓入库费用 | F6: 王倩/蒙欢
A7: 德立迅 | B7: 仓租费用 | C7: 仓租费用 | D7: 仓租费用仓租费用 | E7: 海外仓仓租 | F7: 王倩/蒙欢
A8: 德立迅 | B8: 出库费用 | C8: 住宅地址附加费-1 | D8: 出库费用住宅地址附加费-1 | E8: 出库费用 | F8: 王倩/蒙欢
A9: 德立迅 | B9: 出库费用 | C9: 运输费 | D9: 出库费用运输费 | E9: 出库费用 | F9: 王倩/蒙欢
A10: 德立迅 | B10: 出库费用 | C10: 燃油附加费 | D10: 出库费用燃油附加费 | E10: 出库费用 | F10: 王倩/蒙欢
A11: 德立迅 | B11: 出库费用 | C11: 偏远 | D11: 出库费用偏远 | E11: 出库费用 | F11: 王倩/蒙欢
A12: 德立迅 | B12: 出库费用 | C12: 超重附加费 | D12: 出库费用超重附加费 | E12: 出库费用 | F12: 王倩/蒙欢
... A716: 无忧达 | B716: 入库费用 | C716: 入库异常费-无预报 Inbound Abnormal Fee - Unannounced | D716: 入库费用入库异常费-无预报 Inbound Abnormal Fee - Unannounced | E716: 海外仓入库费用 | F716: 李赛文
A717: 无忧达 | B717: 其他费用 | C717: 直接贴标费 | D717: 其他费用直接贴标费 | E717: 其他物流费用
A718: 无忧达 | B718: 其他费用 | C718: 入库异常费-入库清点 | D718: 其他费用入库异常费-入库清点 | E718: 其他物流费用
A719: 无忧达 | B719: 其他费用 | C719: 增值服务费-包装加固 | D719: 其他费用增值服务费-包装加固 | E719: 其他物流费用
A720: 无忧达 | B720: 入库费用 | C720: 入库异常费-预约异常 Inbound Abnormal Fee-Appointment Irregularities | D720: 入库费用入库异常费-预约异常 Inbound Abnormal Fee-Appointment Irregularities | E720: 海外仓入库费用
A721: 无忧达 | B721: 退货费用 | C721: Oversize住宅费 Oversize-HD | D721: 退货费用Oversize住宅费 Oversize-HD | E721: 其他物流费用
A722: 无忧达 | B722: 退货费用 | C722: Unauthorized费 Unauthorized | D722: 退货费用Unauthorized费 Unauthorized | E722: 其他物流费用
A723: 无忧达 | B723: 出库费用 | C723: 超规附加费 Additional Handling | D723: 出库费用超规附加费 Additional Handling | E723: 出库费用
A724: 无忧达 | B724: 出库费用 | C724: 旺季附加费-Unauthorized Demand - Unauth | D724: 出库费用旺季附加费-Unauthorized Demand - Unauth | E724: 出库费用
A725: 易达云 | B725: 索赔费用 | C725: 尾程-海运散货卸货费 | D725: 索赔费用尾程-海运散货卸货费 | E725: 索赔费用-其他收入
A726: 易达云 | B726: 索赔费用 | C726: 卡车自提费 | D726: 索赔费用卡车自提费 | E726: 索赔费用-其他收入
A727: K-SPACE | B727: 退货费用 | C727: 退件费用 | D727: 退货费用退件费用 | E727: 其他物流费用
A728: K-SPACE | B728: 出库费用 | C728: 出库费用 | D728: 出库费用出库费用 | E728: 出库费用
... A773: 运去哪 | B773: 退货费用 | C773: 销毁费->单个产品重量=(0 - 20] | D773: 退货费用销毁费->单个产品重量=(0 - 20] | E773: 退货费用

Sheet 规整店铺&品牌
A1: 海外仓供应商名称 | B1: 账单主体 | C1: 分账-确认物流费用大类 | D1: 费用类型 | E1: 店铺/品牌 | F1: 结算金额 | G1: 结算币种 | H1: 国家 | I1: 数据负责人 | K1: 店铺 | L1: 品牌
A2: {=_xlfn._xlws.FILTER('三方仓账单-处理'!A2:B1048576,('三方仓账单-处理'!W2:W1048576<>"出库费用")*('三方仓账单-处理'!W2:W1048576<>"出库费用 /线下成交物流费用")*('三方仓账单-处理'!A2:A1048576<>"")*('三方仓账单-处理'!W2:W1048576<>"退货费用"))} -> #VALUE! | C2: {=_xlfn._xlws.FILTER('三方仓账单-处理'!W2:W1048576,('三方仓账单-处理'!W2:W1048576<>"出库费用")*('三方仓账单-处理'!W2:W1048576<>"出库费用 /线下成交物流费用")*('三方仓账单-处理'!A2:A1048576<>"")*('三方仓账单-处理'!W2:W1048576<>"退货费用"))} -> #VALUE! | E2: =IF(K2<>"无",K2,L2) -> #VALUE! | F2: {=VALUE(_xlfn._xlws.FILTER('三方仓账单-处理'!R2:R1048576,('三方仓账单-处理'!W2:W1048576<>"出库费用")*('三方仓账单-处理'!W2:W1048576<>"出库费用 /线下成交物流费用")*('三方仓账单-处理'!A2:A1048576<>"")*('三方仓账单-处理'!W2:W1048576<>"退货费用")))} -> #VALUE! | G2: {=_xlfn._xlws.FILTER('三方仓账单-处理'!Q2:Q1048576,('三方仓账单-处理'!W2:W1048576<>"出库费用")*('三方仓账单-处理'!W2:W1048576<>"出库费用 /线下成交物流费用")*('三方仓账单-处理'!A2:A1048576<>"")*('三方仓账单-处理'!W2:W1048576<>"退货费用"))} -> #VALUE! | H2: {=_xlfn._xlws.FILTER('三方仓账单-处理'!T2:T1048576,('三方仓账单-处理'!W2:W1048576<>"出库费用")*('三方仓账单-处理'!W2:W1048576<>"出库费用 /线下成交物流费用")*('三方仓账单-处理'!A2:A1048576<>"")*('三方仓账单-处理'!W2:W1048576<>"退货费用"))} -> #VALUE! | K2: {=_xlfn._xlws.FILTER('三方仓账单-处理'!N2:N1048576,('三方仓账单-处理'!W2:W1048576<>"出库费用")*('三方仓账单-处理'!W2:W1048576<>"出库费用 /线下成交物流费用")*('三方仓账单-处理'!A2:A1048576<>"")*('三方仓账单-处理'!W2:W1048576<>"退货费用"))} -> #VALUE! | L2: {=_xlfn._xlws.FILTER('三方仓账单-处理'!S2:S1048576,('三方仓账单-处理'!W2:W1048576<>"出库费用")*('三方仓账单-处理'!W2:W1048576<>"出库费用 /线下成交物流费用")*('三方仓账单-处理'!A2:A1048576<>"")*('三方仓账单-处理'!W2:W1048576<>"退货费用"))} -> #VALUE!

Sheet 物流费用合计
C1: 币种 | I1: 币种
B2: 服务商 | C2: {=TRANSPOSE(_xlfn.UNIQUE(_xlfn._xlws.FILTER('三方仓账单-处理'!Q2:Q1048576,'三方仓账单-处理'!Q2:Q1048576<>"")))} -> #VALUE! | H2: 费用归类 | I2: {=TRANSPOSE(_xlfn.UNIQUE(_xlfn._xlws.FILTER('三方仓账单-处理'!Q2:Q1048576,'三方仓账单-处理'!Q2:Q1048576<>"")))} -> #VALUE!
B3: {=_xlfn.UNIQUE(_xlfn._xlws.FILTER('三方仓账单-处理'!A2:A1048576,'三方仓账单-处理'!A2:A1048576<>""))} -> #VALUE! | C3: =SUMIFS('三方仓账单-处理'!$R:$R,'三方仓账单-处理'!$A:$A,$B3,'三方仓账单-处理'!$Q:$Q,C$2) -> 0 | D3: =SUMIFS('三方仓账单-处理'!$R:$R,'三方仓账单-处理'!$A:$A,$B3,'三方仓账单-处理'!$Q:$Q,D$2) -> 0 | E3: =SUMIFS('三方仓账单-处理'!$R:$R,'三方仓账单-处理'!$A:$A,$B3,'三方仓账单-处理'!$Q:$Q,E$2) -> 0 | H3: {=_xlfn.UNIQUE(_xlfn._xlws.FILTER('三方仓账单-处理'!W2:W1048576,'三方仓账单-处理'!W2:W1048576<>""))} -> 需补充 | I3: =SUMIFS('三方仓账单-处理'!$R:$R,'三方仓账单-处理'!$W:$W,$H3,'三方仓账单-处理'!$Q:$Q,I$2) -> 0 | J3: =SUMIFS('三方仓账单-处理'!$R:$R,'三方仓账单-处理'!$W:$W,$H3,'三方仓账单-处理'!$Q:$Q,J$2) -> 0 | K3: =SUMIFS('三方仓账单-处理'!$R:$R,'三方仓账单-处理'!$W:$W,$H3,'三方仓账单-处理'!$Q:$Q,K$2) -> 0
C4: =SUMIFS('三方仓账单-处理'!$R:$R,'三方仓账单-处理'!$A:$A,$B4,'三方仓账单-处理'!$Q:$Q,C$2) -> 0 | D4: =SUMIFS('三方仓账单-处理'!$R:$R,'三方仓账单-处理'!$A:$A,$B4,'三方仓账单-处理'!$Q:$Q,D$2) -> 0 | E4: =SUMIFS('三方仓账单-处理'!$R:$R,'三方仓账单-处理'!$A:$A,$B4,'三方仓账单-处理'!$Q:$Q,E$2) -> 0 | I4: =SUMIFS('三方仓账单-处理'!$R:$R,'三方仓账单-处理'!$W:$W,$H4,'三方仓账单-处理'!$Q:$Q,I$2) -> 0 | J4: =SUMIFS('三方仓账单-处理'!$R:$R,'三方仓账单-处理'!$W:$W,$H4,'三方仓账单-处理'!$Q:$Q,J$2) -> 0 | K4: =SUMIFS('三方仓账单-处理'!$R:$R,'三方仓账单-处理'!$W:$W,$H4,'三方仓账单-处理'!$Q:$Q,K$2) -> 0
C5: =SUMIFS('三方仓账单-处理'!$R:$R,'三方仓账单-处理'!$A:$A,$B5,'三方仓账单-处理'!$Q:$Q,C$2) -> 0 | D5: =SUMIFS('三方仓账单-处理'!$R:$R,'三方仓账单-处理'!$A:$A,$B5,'三方仓账单-处理'!$Q:$Q,D$2) -> 0 | E5: =SUMIFS('三方仓账单-处理'!$R:$R,'三方仓账单-处理'!$A:$A,$B5,'三方仓账单-处理'!$Q:$Q,E$2) -> 0 | I5: =SUMIFS('三方仓账单-处理'!$R:$R,'三方仓账单-处理'!$W:$W,$H5,'三方仓账单-处理'!$Q:$Q,I$2) -> 0 | J5: =SUMIFS('三方仓账单-处理'!$R:$R,'三方仓账单-处理'!$W:$W,$H5,'三方仓账单-处理'!$Q:$Q,J$2) -> 0 | K5: =SUMIFS('三方仓账单-处理'!$R:$R,'三方仓账单-处理'!$W:$W,$H5,'三方仓账单-处理'!$Q:$Q,K$2) -> 0
C6: =SUMIFS('三方仓账单-处理'!$R:$R,'三方仓账单-处理'!$A:$A,$B6,'三方仓账单-处理'!$Q:$Q,C$2) -> 0 | D6: =SUMIFS('三方仓账单-处理'!$R:$R,'三方仓账单-处理'!$A:$A,$B6,'三方仓账单-处理'!$Q:$Q,D$2) -> 0 | E6: =SUMIFS('三方仓账单-处理'!$R:$R,'三方仓账单-处理'!$A:$A,$B6,'三方仓账单-处理'!$Q:$Q,E$2) -> 0 | I6: =SUMIFS('三方仓账单-处理'!$R:$R,'三方仓账单-处理'!$W:$W,$H6,'三方仓账单-处理'!$Q:$Q,I$2) -> 0 | J6: =SUMIFS('三方仓账单-处理'!$R:$R,'三方仓账单-处理'!$W:$W,$H6,'三方仓账单-处理'!$Q:$Q,J$2) -> 0 | K6: =SUMIFS('三方仓账单-处理'!$R:$R,'三方仓账单-处理'!$W:$W,$H6,'三方仓账单-处理'!$Q:$Q,K$2) -> 0
C7: =SUMIFS('三方仓账单-处理'!$R:$R,'三方仓账单-处理'!$A:$A,$B7,'三方仓账单-处理'!$Q:$Q,C$2) -> 0 | D7: =SUMIFS('三方仓账单-处理'!$R:$R,'三方仓账单-处理'!$A:$A,$B7,'三方仓账单-处理'!$Q:$Q,D$2) -> 0 | E7: =SUMIFS('三方仓账单-处理'!$R:$R,'三方仓账单-处理'!$A:$A,$B7,'三方仓账单-处理'!$Q:$Q,E$2) -> 0 | I7: =SUMIFS('三方仓账单-处理'!$R:$R,'三方仓账单-处理'!$W:$W,$H7,'三方仓账单-处理'!$Q:$Q,I$2) -> 0 | J7: =SUMIFS('三方仓账单-处理'!$R:$R,'三方仓账单-处理'!$W:$W,$H7,'三方仓账单-处理'!$Q:$Q,J$2) -> 0 | K7: =SUMIFS('三方仓账单-处理'!$R:$R,'三方仓账单-处理'!$W:$W,$H7,'三方仓账单-处理'!$Q:$Q,K$2) -> 0
C8: =SUMIFS('三方仓账单-处理'!$R:$R,'三方仓账单-处理'!$A:$A,$B8,'三方仓账单-处理'!$Q:$Q,C$2) -> 0 | D8: =SUMIFS('三方仓账单-处理'!$R:$R,'三方仓账单-处理'!$A:$A,$B8,'三方仓账单-处理'!$Q:$Q,D$2) -> 0 | E8: =SUMIFS('三方仓账单-处理'!$R:$R,'三方仓账单-处理'!$A:$A,$B8,'三方仓账单-处理'!$Q:$Q,E$2) -> 0 | I8: =SUMIFS('三方仓账单-处理'!$R:$R,'三方仓账单-处理'!$W:$W,$H8,'三方仓账单-处理'!$Q:$Q,I$2) -> 0 | J8: =SUMIFS('三方仓账单-处理'!$R:$R,'三方仓账单-处理'!$W:$W,$H8,'三方仓账单-处理'!$Q:$Q,J$2) -> 0 | K8: =SUMIFS('三方仓账单-处理'!$R:$R,'三方仓账单-处理'!$W:$W,$H8,'三方仓账单-处理'!$Q:$Q,K$2) -> 0
C9: =SUMIFS('三方仓账单-处理'!$R:$R,'三方仓账单-处理'!$A:$A,$B9,'三方仓账单-处理'!$Q:$Q,C$2) -> 0 | D9: =SUMIFS('三方仓账单-处理'!$R:$R,'三方仓账单-处理'!$A:$A,$B9,'三方仓账单-处理'!$Q:$Q,D$2) -> 0 | E9: =SUMIFS('三方仓账单-处理'!$R:$R,'三方仓账单-处理'!$A:$A,$B9,'三方仓账单-处理'!$Q:$Q,E$2) -> 0 | I9: =SUMIFS('三方仓账单-处理'!$R:$R,'三方仓账单-处理'!$W:$W,$H9,'三方仓账单-处理'!$Q:$Q,I$2) -> 0 | J9: =SUMIFS('三方仓账单-处理'!$R:$R,'三方仓账单-处理'!$W:$W,$H9,'三方仓账单-处理'!$Q:$Q,J$2) -> 0 | K9: =SUMIFS('三方仓账单-处理'!$R:$R,'三方仓账单-处理'!$W:$W,$H9,'三方仓账单-处理'!$Q:$Q,K$2) -> 0
C10: =SUMIFS('三方仓账单-处理'!$R:$R,'三方仓账单-处理'!$A:$A,$B10,'三方仓账单-处理'!$Q:$Q,C$2) -> 0 | D10: =SUMIFS('三方仓账单-处理'!$R:$R,'三方仓账单-处理'!$A:$A,$B10,'三方仓账单-处理'!$Q:$Q,D$2) -> 0 | E10: =SUMIFS('三方仓账单-处理'!$R:$R,'三方仓账单-处理'!$A:$A,$B10,'三方仓账单-处理'!$Q:$Q,E$2) -> 0 | I10: =SUMIFS('三方仓账单-处理'!$R:$R,'三方仓账单-处理'!$W:$W,$H10,'三方仓账单-处理'!$Q:$Q,I$2) -> 0 | J10: =SUMIFS('三方仓账单-处理'!$R:$R,'三方仓账单-处理'!$W:$W,$H10,'三方仓账单-处理'!$Q:$Q,J$2) -> 0 | K10: =SUMIFS('三方仓账单-处理'!$R:$R,'三方仓账单-处理'!$W:$W,$H10,'三方仓账单-处理'!$Q:$Q,K$2) -> 0
C11: =SUMIFS('三方仓账单-处理'!$R:$R,'三方仓账单-处理'!$A:$A,$B11,'三方仓账单-处理'!$Q:$Q,C$2) -> 0 | D11: =SUMIFS('三方仓账单-处理'!$R:$R,'三方仓账单-处理'!$A:$A,$B11,'三方仓账单-处理'!$Q:$Q,D$2) -> 0 | E11: =SUMIFS('三方仓账单-处理'!$R:$R,'三方仓账单-处理'!$A:$A,$B11,'三方仓账单-处理'!$Q:$Q,E$2) -> 0 | I11: =SUMIFS('三方仓账单-处理'!$R:$R,'三方仓账单-处理'!$W:$W,$H11,'三方仓账单-处理'!$Q:$Q,I$2) -> 0 | J11: =SUMIFS('三方仓账单-处理'!$R:$R,'三方仓账单-处理'!$W:$W,$H11,'三方仓账单-处理'!$Q:$Q,J$2) -> 0 | K11: =SUMIFS('三方仓账单-处理'!$R:$R,'三方仓账单-处理'!$W:$W,$H11,'三方仓账单-处理'!$Q:$Q,K$2) -> 0
C12: =SUMIFS('三方仓账单-处理'!$R:$R,'三方仓账单-处理'!$A:$A,$B12,'三方仓账单-处理'!$Q:$Q,C$2) -> 0 | D12: =SUMIFS('三方仓账单-处理'!$R:$R,'三方仓账单-处理'!$A:$A,$B12,'三方仓账单-处理'!$Q:$Q,D$2) -> 0 | E12: =SUMIFS('三方仓账单-处理'!$R:$R,'三方仓账单-处理'!$A:$A,$B12,'三方仓账单-处理'!$Q:$Q,E$2) -> 0
C13: =SUMIFS('三方仓账单-处理'!$R:$R,'三方仓账单-处理'!$A:$A,$B13,'三方仓账单-处理'!$Q:$Q,C$2) -> 0 | D13: =SUMIFS('三方仓账单-处理'!$R:$R,'三方仓账单-处理'!$A:$A,$B13,'三方仓账单-处理'!$Q:$Q,D$2) -> 0 | E13: =SUMIFS('三方仓账单-处理'!$R:$R,'三方仓账单-处理'!$A:$A,$B13,'三方仓账单-处理'!$Q:$Q,E$2) -> 0

Sheet 账号-渠道映射关系
A1: 账号 | B1: 渠道
A2: 无忧达（MPX） | B2: 欧亚全渠道
A3: 无忧达（NLF） | B3: 独立站
A4: 无忧达（WO） | B4: 亚马逊大户外
A5: 易达云（NLF） | B5: 独立站
A6: 易达云（WO） | B6: 亚马逊大户外
A7: K-space（ASN） | B7: 北美大家居
A8: 中远（ASN） | B8: 北美大家居
A9: 乐歌（ASN） | B9: 北美大家居
A10: 运去哪（ASN） | B10: 北美大家居
A11: 德立迅（ASN） | B11: 北美大家居
A12: 派速捷（NLF） | B12: 独立站
... A20: 海派艇（ASN） | B20: 北美大家居
